Key,What this is,Limit,Correct (Y on the right answer),English,Mandarin,Cantonese,Vietnamese,Arabic,Hindi
language.label,"Name of the language on its picker button, written in that language",20 characters,,,,,,,
picker.title,"Heading on the language picker, for example ""Choose your language""",40 characters,,,,,,,
question.progress,"Progress line. Keep {n} and {total}: ""Question {n} of {total}""",30 characters,,,,,,,
answer.correct,Shown when the player picks the right answer,20 characters,,,,,,,
answer.incorrect,Shown when the player picks a wrong answer,20 characters,,,,,,,
button.next,Button to the next question,16 characters,,,,,,,
button.results,Button after the last question,20 characters,,,,,,,
end.title,End screen heading (optional),"40 characters, optional",,,,,,,
end.score,"Score line. Keep {score} and {total}: ""You got {score} out of {total}""",60 characters,,,,,,,
end.body,End screen message above the button (optional),"120 characters, optional",,,,,,,
button.cta,Call to action button on the end screen,22 characters,,,,,,,
button.replay,Play again button (optional),"16 characters, optional",,,,,,,
legal,"Authorisation statement, if one is required (optional)","160 characters, optional",,,,,,,
q1,Question 1,90 characters,,,,,,,
q1.a1,"Question 1, answer 1",30 characters,,,,,,,
q1.a2,"Question 1, answer 2",30 characters,,,,,,,
q1.a3,"Question 1, answer 3 (optional)",30 characters,,,,,,,
q1.a4,"Question 1, answer 4 (optional)",30 characters,,,,,,,
q2,Question 2,90 characters,,,,,,,
q2.a1,"Question 2, answer 1",30 characters,,,,,,,
q2.a2,"Question 2, answer 2",30 characters,,,,,,,
q2.a3,"Question 2, answer 3 (optional)",30 characters,,,,,,,
q2.a4,"Question 2, answer 4 (optional)",30 characters,,,,,,,
q3,Question 3,90 characters,,,,,,,
q3.a1,"Question 3, answer 1",30 characters,,,,,,,
q3.a2,"Question 3, answer 2",30 characters,,,,,,,
q3.a3,"Question 3, answer 3 (optional)",30 characters,,,,,,,
q3.a4,"Question 3, answer 4 (optional)",30 characters,,,,,,,
q4,Question 4,90 characters,,,,,,,
q4.a1,"Question 4, answer 1",30 characters,,,,,,,
q4.a2,"Question 4, answer 2",30 characters,,,,,,,
q4.a3,"Question 4, answer 3 (optional)",30 characters,,,,,,,
q4.a4,"Question 4, answer 4 (optional)",30 characters,,,,,,,
q5,Question 5,90 characters,,,,,,,
q5.a1,"Question 5, answer 1",30 characters,,,,,,,
q5.a2,"Question 5, answer 2",30 characters,,,,,,,
q5.a3,"Question 5, answer 3 (optional)",30 characters,,,,,,,
q5.a4,"Question 5, answer 4 (optional)",30 characters,,,,,,,
